First Name,Company,Email
Chris,WebFX,sales@webfx.com
Matt,Thrive Internet Marketing,contact@thriveagency.com
Sales,Ignite Visibility,opportunity@ignitevisibility.com
Jeff,Power Digital Marketing,creative@powerdigitalmarketing.com
Ivan,Comrade Digital Marketing,contact@comradedigital.com
Kiki,Toast Media Group,hello@toastmediagroup.com
Eric,HUNTER Digital,sales@hunterdigital.co
Erick,Covered Digital Agency,contact@coveredigital.com
Jacob,KlientBoost,hello@klientboost.com
Sales,NP Digital,partnerships@npdigital.com
